[{"alias":null,"name":"aluno","label":"Aluno","description":null,"native":[],"plural":"Alunos","is_view":false,"primary_key":"id","name_field":null,"field":[{"alias":null,"name":"id","label":"Id","description":null,"native":[],"type":"id","db_type":"int(11)","length":11,"precision":null,"scale":null,"default":null,"required":false,"allow_null":false,"fixed_length":false,"supports_multibyte":false,"auto_increment":true,"is_primary_key":true,"is_unique":false,"is_index":false,"is_foreign_key":false,"ref_table":null,"ref_field":null,"ref_on_update":null,"ref_on_delete":null,"picklist":null,"validation":null,"db_function":null,"is_virtual":false,"is_aggregate":false},{"alias":null,"name":"nome","label":"Nome","description":null,"native":[],"type":"string","db_type":"varchar(100)","length":100,"precision":null,"scale":null,"default":null,"required":true,"allow_null":false,"fixed_length":false,"supports_multibyte":true,"auto_increment":false,"is_primary_key":false,"is_unique":false,"is_index":false,"is_foreign_key":false,"ref_table":null,"ref_field":null,"ref_on_update":null,"ref_on_delete":null,"picklist":null,"validation":null,"db_function":null,"is_virtual":false,"is_aggregate":false},{"alias":null,"name":"foto","label":"Foto","description":null,"native":[],"type":"text","db_type":"text","length":null,"precision":null,"scale":null,"default":null,"required":false,"allow_null":true,"fixed_length":false,"supports_multibyte":true,"auto_increment":false,"is_primary_key":false,"is_unique":false,"is_index":false,"is_foreign_key":false,"ref_table":null,"ref_field":null,"ref_on_update":null,"ref_on_delete":null,"picklist":null,"validation":null,"db_function":null,"is_virtual":false,"is_aggregate":false}],"related":[{"alias":null,"name":"anotacao_by_id_aluno","label":"Anotacao By Id Aluno","description":null,"native":[],"type":"has_many","field":"id","is_virtual":false,"ref_service_id":8,"ref_table":"anotacao","ref_field":"id_aluno","ref_on_update":null,"ref_on_delete":null,"junction_service_id":null,"junction_table":null,"junction_field":null,"junction_ref_field":null,"always_fetch":false,"flatten":false,"flatten_drop_prefix":false},{"alias":null,"name":"aula_by_anotacao","label":"Aula By Anotacao","description":null,"native":[],"type":"many_many","field":"id","is_virtual":false,"ref_service_id":8,"ref_table":"aula","ref_field":"id","ref_on_update":null,"ref_on_delete":null,"junction_service_id":8,"junction_table":"anotacao","junction_field":"id_aluno","junction_ref_field":"id_aula","always_fetch":false,"flatten":false,"flatten_drop_prefix":false},{"alias":null,"name":"professor_by_anotacao","label":"Professor By Anotacao","description":null,"native":[],"type":"many_many","field":"id","is_virtual":false,"ref_service_id":8,"ref_table":"professor","ref_field":"id","ref_on_update":null,"ref_on_delete":null,"junction_service_id":8,"junction_table":"anotacao","junction_field":"id_aluno","junction_ref_field":"id_professor","always_fetch":false,"flatten":false,"flatten_drop_prefix":false},{"alias":null,"name":"presenca_aluno_by_id_aluno","label":"Presenca Aluno By Id Aluno","description":null,"native":[],"type":"has_many","field":"id","is_virtual":false,"ref_service_id":8,"ref_table":"presenca_aluno","ref_field":"id_aluno","ref_on_update":null,"ref_on_delete":null,"junction_service_id":null,"junction_table":null,"junction_field":null,"junction_ref_field":null,"always_fetch":false,"flatten":false,"flatten_drop_prefix":false},{"alias":null,"name":"aula_by_presenca_aluno","label":"Aula By Presenca Aluno","description":null,"native":[],"type":"many_many","field":"id","is_virtual":false,"ref_service_id":8,"ref_table":"aula","ref_field":"id","ref_on_update":null,"ref_on_delete":null,"junction_service_id":8,"junction_table":"presenca_aluno","junction_field":"id_aluno","junction_ref_field":"id_aula","always_fetch":false,"flatten":false,"flatten_drop_prefix":false},{"alias":null,"name":"rel_aluno_curso_by_id_aluno","label":"Rel Aluno Curso By Id Aluno","description":null,"native":[],"type":"has_many","field":"id","is_virtual":false,"ref_service_id":8,"ref_table":"rel_aluno_curso","ref_field":"id_aluno","ref_on_update":null,"ref_on_delete":null,"junction_service_id":null,"junction_table":null,"junction_field":null,"junction_ref_field":null,"always_fetch":false,"flatten":false,"flatten_drop_prefix":false},{"alias":null,"name":"curso_by_rel_aluno_curso","label":"Curso By Rel Aluno Curso","description":null,"native":[],"type":"many_many","field":"id","is_virtual":false,"ref_service_id":8,"ref_table":"curso","ref_field":"id","ref_on_update":null,"ref_on_delete":null,"junction_service_id":8,"junction_table":"rel_aluno_curso","junction_field":"id_aluno","junction_ref_field":"id_curso","always_fetch":false,"flatten":false,"flatten_drop_prefix":false}],"access":31},{"alias":null,"name":"anotacao","label":"Anotacao","description":null,"native":[],"plural":"Anotacaos","is_view":false,"primary_key":"id","name_field":null,"field":[{"alias":null,"name":"assunto","label":"Assunto","description":null,"native":[],"type":"string","db_type":"varchar(100)","length":100,"precision":null,"scale":null,"default":null,"required":true,"allow_null":false,"fixed_length":false,"supports_multibyte":true,"auto_increment":false,"is_primary_key":false,"is_unique":false,"is_index":false,"is_foreign_key":false,"ref_table":null,"ref_field":null,"ref_on_update":null,"ref_on_delete":null,"picklist":null,"validation":null,"db_function":null,"is_virtual":false,"is_aggregate":false},{"alias":null,"name":"texto","label":"Texto","description":null,"native":[],"type":"string","db_type":"varchar(1000)","length":1000,"precision":null,"scale":null,"default":null,"required":false,"allow_null":true,"fixed_length":false,"supports_multibyte":true,"auto_increment":false,"is_primary_key":false,"is_unique":false,"is_index":false,"is_foreign_key":false,"ref_table":null,"ref_field":null,"ref_on_update":null,"ref_on_delete":null,"picklist":null,"validation":null,"db_function":null,"is_virtual":false,"is_aggregate":false},{"alias":null,"name":"id_aula","label":"Id Aula","description":null,"native":[],"type":"reference","db_type":"int(11)","length":11,"precision":null,"scale":null,"default":null,"required":true,"allow_null":false,"fixed_length":false,"supports_multibyte":false,"auto_increment":false,"is_primary_key":false,"is_unique":false,"is_index":true,"is_foreign_key":true,"ref_table":"aula","ref_field":"id","ref_on_update":null,"ref_on_delete":null,"picklist":null,"validation":null,"db_function":null,"is_virtual":false,"is_aggregate":false},{"alias":null,"name":"id_professor","label":"Id Professor","description":null,"native":[],"type":"reference","db_type":"int(11)","length":11,"precision":null,"scale":null,"default":null,"required":false,"allow_null":true,"fixed_length":false,"supports_multibyte":false,"auto_increment":false,"is_primary_key":false,"is_unique":false,"is_index":true,"is_foreign_key":true,"ref_table":"professor","ref_field":"id","ref_on_update":null,"ref_on_delete":null,"picklist":null,"validation":null,"db_function":null,"is_virtual":false,"is_aggregate":false},{"alias":null,"name":"id_aluno","label":"Id Aluno","description":null,"native":[],"type":"reference","db_type":"int(11)","length":11,"precision":null,"scale":null,"default":null,"required":false,"allow_null":true,"fixed_length":false,"supports_multibyte":false,"auto_increment":false,"is_primary_key":false,"is_unique":false,"is_index":true,"is_foreign_key":true,"ref_table":"aluno","ref_field":"id","ref_on_update":null,"ref_on_delete":null,"picklist":null,"validation":null,"db_function":null,"is_virtual":false,"is_aggregate":false},{"alias":null,"name":"desempenhoAluno","label":"DesempenhoAluno","description":null,"native":[],"type":"integer","db_type":"int(11)","length":11,"precision":null,"scale":null,"default":null,"required":false,"allow_null":true,"fixed_length":false,"supports_multibyte":false,"auto_increment":false,"is_primary_key":false,"is_unique":false,"is_index":false,"is_foreign_key":false,"ref_table":null,"ref_field":null,"ref_on_update":null,"ref_on_delete":null,"picklist":null,"validation":null,"db_function":null,"is_virtual":false,"is_aggregate":false},{"alias":null,"name":"desempenhoTurma","label":"DesempenhoTurma","description":null,"native":[],"type":"integer","db_type":"int(11)","length":11,"precision":null,"scale":null,"default":null,"required":false,"allow_null":true,"fixed_length":false,"supports_multibyte":false,"auto_increment":false,"is_primary_key":false,"is_unique":false,"is_index":false,"is_foreign_key":false,"ref_table":null,"ref_field":null,"ref_on_update":null,"ref_on_delete":null,"picklist":null,"validation":null,"db_function":null,"is_virtual":false,"is_aggregate":false},{"alias":null,"name":"id","label":"Id","description":null,"native":[],"type":"id","db_type":"int(11)","length":11,"precision":null,"scale":null,"default":null,"required":false,"allow_null":false,"fixed_length":false,"supports_multibyte":false,"auto_increment":true,"is_primary_key":true,"is_unique":false,"is_index":false,"is_foreign_key":false,"ref_table":null,"ref_field":null,"ref_on_update":null,"ref_on_delete":null,"picklist":null,"validation":null,"db_function":null,"is_virtual":false,"is_aggregate":false}],"related":[{"alias":null,"name":"aluno_by_id_aluno","label":"Aluno By Id Aluno","description":null,"native":[],"type":"belongs_to","field":"id_aluno","is_virtual":false,"ref_service_id":8,"ref_table":"aluno","ref_field":"id","ref_on_update":null,"ref_on_delete":null,"junction_service_id":null,"junction_table":null,"junction_field":null,"junction_ref_field":null,"always_fetch":true,"flatten":false,"flatten_drop_prefix":false},{"alias":null,"name":"aula_by_id_aula","label":"Aula By Id Aula","description":null,"native":[],"type":"belongs_to","field":"id_aula","is_virtual":false,"ref_service_id":8,"ref_table":"aula","ref_field":"id","ref_on_update":null,"ref_on_delete":null,"junction_service_id":null,"junction_table":null,"junction_field":null,"junction_ref_field":null,"always_fetch":false,"flatten":false,"flatten_drop_prefix":false},{"alias":null,"name":"professor_by_id_professor","label":"Professor By Id Professor","description":null,"native":[],"type":"belongs_to","field":"id_professor","is_virtual":false,"ref_service_id":8,"ref_table":"professor","ref_field":"id","ref_on_update":null,"ref_on_delete":null,"junction_service_id":null,"junction_table":null,"junction_field":null,"junction_ref_field":null,"always_fetch":true,"flatten":false,"flatten_drop_prefix":false}],"access":31},{"alias":null,"name":"aula","label":"Aula","description":null,"native":[],"plural":"Aulas","is_view":false,"primary_key":"id","name_field":null,"field":[{"alias":null,"name":"id","label":"Id","description":null,"native":[],"type":"id","db_type":"int(11)","length":11,"precision":null,"scale":null,"default":null,"required":false,"allow_null":false,"fixed_length":false,"supports_multibyte":false,"auto_increment":true,"is_primary_key":true,"is_unique":false,"is_index":false,"is_foreign_key":false,"ref_table":null,"ref_field":null,"ref_on_update":null,"ref_on_delete":null,"picklist":null,"validation":null,"db_function":null,"is_virtual":false,"is_aggregate":false},{"alias":null,"name":"id_curso","label":"Id Curso","description":null,"native":[],"type":"reference","db_type":"int(11)","length":11,"precision":null,"scale":null,"default":null,"required":true,"allow_null":false,"fixed_length":false,"supports_multibyte":false,"auto_increment":false,"is_primary_key":false,"is_unique":false,"is_index":true,"is_foreign_key":true,"ref_table":"curso","ref_field":"id","ref_on_update":null,"ref_on_delete":null,"picklist":null,"validation":null,"db_function":null,"is_virtual":false,"is_aggregate":false},{"alias":null,"name":"dataHora","label":"DataHora","description":null,"native":[],"type":"datetime","db_type":"datetime","length":null,"precision":null,"scale":null,"default":null,"required":true,"allow_null":false,"fixed_length":false,"supports_multibyte":false,"auto_increment":false,"is_primary_key":false,"is_unique":false,"is_index":false,"is_foreign_key":false,"ref_table":null,"ref_field":null,"ref_on_update":null,"ref_on_delete":null,"picklist":null,"validation":null,"db_function":null,"is_virtual":false,"is_aggregate":false},{"alias":null,"name":"id_professor","label":"Id Professor","description":null,"native":[],"type":"reference","db_type":"int(11)","length":11,"precision":null,"scale":null,"default":null,"required":false,"allow_null":true,"fixed_length":false,"supports_multibyte":false,"auto_increment":false,"is_primary_key":false,"is_unique":false,"is_index":true,"is_foreign_key":true,"ref_table":"professor","ref_field":"id","ref_on_update":null,"ref_on_delete":null,"picklist":null,"validation":null,"db_function":null,"is_virtual":false,"is_aggregate":false},{"alias":null,"name":"id_professor_backup","label":"Id Professor Backup","description":null,"native":[],"type":"reference","db_type":"int(11)","length":11,"precision":null,"scale":null,"default":null,"required":false,"allow_null":true,"fixed_length":false,"supports_multibyte":false,"auto_increment":false,"is_primary_key":false,"is_unique":false,"is_index":true,"is_foreign_key":true,"ref_table":"professor","ref_field":"id","ref_on_update":null,"ref_on_delete":null,"picklist":null,"validation":null,"db_function":null,"is_virtual":false,"is_aggregate":false}],"related":[{"alias":null,"name":"anotacao_by_id_aula","label":"Anotacao By Id Aula","description":null,"native":[],"type":"has_many","field":"id","is_virtual":false,"ref_service_id":8,"ref_table":"anotacao","ref_field":"id_aula","ref_on_update":null,"ref_on_delete":null,"junction_service_id":null,"junction_table":null,"junction_field":null,"junction_ref_field":null,"always_fetch":false,"flatten":false,"flatten_drop_prefix":false},{"alias":null,"name":"aluno_by_anotacao","label":"Aluno By Anotacao","description":null,"native":[],"type":"many_many","field":"id","is_virtual":false,"ref_service_id":8,"ref_table":"aluno","ref_field":"id","ref_on_update":null,"ref_on_delete":null,"junction_service_id":8,"junction_table":"anotacao","junction_field":"id_aula","junction_ref_field":"id_aluno","always_fetch":false,"flatten":false,"flatten_drop_prefix":false},{"alias":null,"name":"professor_by_anotacao","label":"Professor By Anotacao","description":null,"native":[],"type":"many_many","field":"id","is_virtual":false,"ref_service_id":8,"ref_table":"professor","ref_field":"id","ref_on_update":null,"ref_on_delete":null,"junction_service_id":8,"junction_table":"anotacao","junction_field":"id_aula","junction_ref_field":"id_professor","always_fetch":false,"flatten":false,"flatten_drop_prefix":false},{"alias":null,"name":"curso_by_id_curso","label":"Curso By Id Curso","description":null,"native":[],"type":"belongs_to","field":"id_curso","is_virtual":false,"ref_service_id":8,"ref_table":"curso","ref_field":"id","ref_on_update":null,"ref_on_delete":null,"junction_service_id":null,"junction_table":null,"junction_field":null,"junction_ref_field":null,"always_fetch":false,"flatten":false,"flatten_drop_prefix":false},{"alias":null,"name":"professor_by_id_professor","label":"Professor By Id Professor","description":null,"native":[],"type":"belongs_to","field":"id_professor","is_virtual":false,"ref_service_id":8,"ref_table":"professor","ref_field":"id","ref_on_update":null,"ref_on_delete":null,"junction_service_id":null,"junction_table":null,"junction_field":null,"junction_ref_field":null,"always_fetch":true,"flatten":false,"flatten_drop_prefix":false},{"alias":null,"name":"professor_by_id_professor_backup","label":"Professor By Id Professor Backup","description":null,"native":[],"type":"belongs_to","field":"id_professor_backup","is_virtual":false,"ref_service_id":8,"ref_table":"professor","ref_field":"id","ref_on_update":null,"ref_on_delete":null,"junction_service_id":null,"junction_table":null,"junction_field":null,"junction_ref_field":null,"always_fetch":true,"flatten":false,"flatten_drop_prefix":false},{"alias":null,"name":"presenca_aluno_by_id_aula","label":"Presenca Aluno By Id Aula","description":null,"native":[],"type":"has_many","field":"id","is_virtual":false,"ref_service_id":8,"ref_table":"presenca_aluno","ref_field":"id_aula","ref_on_update":null,"ref_on_delete":null,"junction_service_id":null,"junction_table":null,"junction_field":null,"junction_ref_field":null,"always_fetch":false,"flatten":false,"flatten_drop_prefix":false},{"alias":null,"name":"aluno_by_presenca_aluno","label":"Aluno By Presenca Aluno","description":null,"native":[],"type":"many_many","field":"id","is_virtual":false,"ref_service_id":8,"ref_table":"aluno","ref_field":"id","ref_on_update":null,"ref_on_delete":null,"junction_service_id":8,"junction_table":"presenca_aluno","junction_field":"id_aula","junction_ref_field":"id_aluno","always_fetch":false,"flatten":false,"flatten_drop_prefix":false}],"access":31},{"alias":null,"name":"curso","label":"Curso","description":null,"native":[],"plural":"Cursos","is_view":false,"primary_key":"id","name_field":null,"field":[{"alias":null,"name":"nome","label":"Nome","description":null,"native":[],"type":"string","db_type":"varchar(100)","length":100,"precision":null,"scale":null,"default":null,"required":true,"allow_null":false,"fixed_length":false,"supports_multibyte":true,"auto_increment":false,"is_primary_key":false,"is_unique":false,"is_index":false,"is_foreign_key":false,"ref_table":null,"ref_field":null,"ref_on_update":null,"ref_on_delete":null,"picklist":null,"validation":null,"db_function":null,"is_virtual":false,"is_aggregate":false},{"alias":null,"name":"descricao","label":"Descricao","description":null,"native":[],"type":"string","db_type":"varchar(200)","length":200,"precision":null,"scale":null,"default":null,"required":false,"allow_null":true,"fixed_length":false,"supports_multibyte":true,"auto_increment":false,"is_primary_key":false,"is_unique":false,"is_index":false,"is_foreign_key":false,"ref_table":null,"ref_field":null,"ref_on_update":null,"ref_on_delete":null,"picklist":null,"validation":null,"db_function":null,"is_virtual":false,"is_aggregate":false},{"alias":null,"name":"id","label":"Id","description":null,"native":[],"type":"id","db_type":"int(11)","length":11,"precision":null,"scale":null,"default":null,"required":false,"allow_null":false,"fixed_length":false,"supports_multibyte":false,"auto_increment":true,"is_primary_key":true,"is_unique":false,"is_index":false,"is_foreign_key":false,"ref_table":null,"ref_field":null,"ref_on_update":null,"ref_on_delete":null,"picklist":null,"validation":null,"db_function":null,"is_virtual":false,"is_aggregate":false}],"related":[{"alias":null,"name":"aula_by_id_curso","label":"Aula By Id Curso","description":null,"native":[],"type":"has_many","field":"id","is_virtual":false,"ref_service_id":8,"ref_table":"aula","ref_field":"id_curso","ref_on_update":null,"ref_on_delete":null,"junction_service_id":null,"junction_table":null,"junction_field":null,"junction_ref_field":null,"always_fetch":false,"flatten":false,"flatten_drop_prefix":false},{"alias":null,"name":"professor_by_aula","label":"Professor By Aula","description":null,"native":[],"type":"many_many","field":"id","is_virtual":false,"ref_service_id":8,"ref_table":"professor","ref_field":"id","ref_on_update":null,"ref_on_delete":null,"junction_service_id":8,"junction_table":"aula","junction_field":"id_curso","junction_ref_field":"id_professor_backup","always_fetch":false,"flatten":false,"flatten_drop_prefix":false},{"alias":null,"name":"rel_aluno_curso_by_id_curso","label":"Rel Aluno Curso By Id Curso","description":null,"native":[],"type":"has_many","field":"id","is_virtual":false,"ref_service_id":8,"ref_table":"rel_aluno_curso","ref_field":"id_curso","ref_on_update":null,"ref_on_delete":null,"junction_service_id":null,"junction_table":null,"junction_field":null,"junction_ref_field":null,"always_fetch":false,"flatten":false,"flatten_drop_prefix":false},{"alias":null,"name":"aluno_by_rel_aluno_curso","label":"Aluno By Rel Aluno Curso","description":null,"native":[],"type":"many_many","field":"id","is_virtual":false,"ref_service_id":8,"ref_table":"aluno","ref_field":"id","ref_on_update":null,"ref_on_delete":null,"junction_service_id":8,"junction_table":"rel_aluno_curso","junction_field":"id_curso","junction_ref_field":"id_aluno","always_fetch":false,"flatten":false,"flatten_drop_prefix":false}],"access":31},{"alias":null,"name":"presenca_aluno","label":"Presenca Aluno","description":null,"native":[],"plural":"Presenca Alunos","is_view":false,"primary_key":"id","name_field":null,"field":[{"alias":null,"name":"id","label":"Id","description":null,"native":[],"type":"id","db_type":"int(11)","length":11,"precision":null,"scale":null,"default":null,"required":false,"allow_null":false,"fixed_length":false,"supports_multibyte":false,"auto_increment":true,"is_primary_key":true,"is_unique":false,"is_index":false,"is_foreign_key":false,"ref_table":null,"ref_field":null,"ref_on_update":null,"ref_on_delete":null,"picklist":null,"validation":null,"db_function":null,"is_virtual":false,"is_aggregate":false},{"alias":null,"name":"id_aula","label":"Id Aula","description":null,"native":[],"type":"reference","db_type":"int(11)","length":11,"precision":null,"scale":null,"default":null,"required":true,"allow_null":false,"fixed_length":false,"supports_multibyte":false,"auto_increment":false,"is_primary_key":false,"is_unique":false,"is_index":true,"is_foreign_key":true,"ref_table":"aula","ref_field":"id","ref_on_update":null,"ref_on_delete":null,"picklist":null,"validation":null,"db_function":null,"is_virtual":false,"is_aggregate":false},{"alias":null,"name":"id_aluno","label":"Id Aluno","description":null,"native":[],"type":"reference","db_type":"int(11)","length":11,"precision":null,"scale":null,"default":null,"required":false,"allow_null":true,"fixed_length":false,"supports_multibyte":false,"auto_increment":false,"is_primary_key":false,"is_unique":false,"is_index":true,"is_foreign_key":true,"ref_table":"aluno","ref_field":"id","ref_on_update":null,"ref_on_delete":null,"picklist":null,"validation":null,"db_function":null,"is_virtual":false,"is_aggregate":false},{"alias":null,"name":"ind_presente","label":"Ind Presente","description":null,"native":[],"type":"string","db_type":"char(1)","length":1,"precision":null,"scale":null,"default":null,"required":true,"allow_null":false,"fixed_length":true,"supports_multibyte":true,"auto_increment":false,"is_primary_key":false,"is_unique":false,"is_index":false,"is_foreign_key":false,"ref_table":null,"ref_field":null,"ref_on_update":null,"ref_on_delete":null,"picklist":null,"validation":null,"db_function":null,"is_virtual":false,"is_aggregate":false}],"related":[{"alias":null,"name":"aluno_by_id_aluno","label":"Aluno By Id Aluno","description":null,"native":[],"type":"belongs_to","field":"id_aluno","is_virtual":false,"ref_service_id":8,"ref_table":"aluno","ref_field":"id","ref_on_update":null,"ref_on_delete":null,"junction_service_id":null,"junction_table":null,"junction_field":null,"junction_ref_field":null,"always_fetch":true,"flatten":false,"flatten_drop_prefix":false},{"alias":null,"name":"aula_by_id_aula","label":"Aula By Id Aula","description":null,"native":[],"type":"belongs_to","field":"id_aula","is_virtual":false,"ref_service_id":8,"ref_table":"aula","ref_field":"id","ref_on_update":null,"ref_on_delete":null,"junction_service_id":null,"junction_table":null,"junction_field":null,"junction_ref_field":null,"always_fetch":false,"flatten":false,"flatten_drop_prefix":false}],"access":31},{"alias":null,"name":"professor","label":"Professor","description":null,"native":[],"plural":"Professors","is_view":false,"primary_key":"id","name_field":null,"field":[{"alias":null,"name":"id","label":"Id","description":null,"native":[],"type":"id","db_type":"int(11)","length":11,"precision":null,"scale":null,"default":null,"required":false,"allow_null":false,"fixed_length":false,"supports_multibyte":false,"auto_increment":true,"is_primary_key":true,"is_unique":false,"is_index":false,"is_foreign_key":false,"ref_table":null,"ref_field":null,"ref_on_update":null,"ref_on_delete":null,"picklist":null,"validation":null,"db_function":null,"is_virtual":false,"is_aggregate":false},{"alias":null,"name":"nome","label":"Nome","description":null,"native":[],"type":"string","db_type":"varchar(100)","length":100,"precision":null,"scale":null,"default":null,"required":true,"allow_null":false,"fixed_length":false,"supports_multibyte":true,"auto_increment":false,"is_primary_key":false,"is_unique":false,"is_index":false,"is_foreign_key":false,"ref_table":null,"ref_field":null,"ref_on_update":null,"ref_on_delete":null,"picklist":null,"validation":null,"db_function":null,"is_virtual":false,"is_aggregate":false},{"alias":null,"name":"email","label":"Email","description":null,"native":[],"type":"string","db_type":"varchar(200)","length":200,"precision":null,"scale":null,"default":null,"required":false,"allow_null":true,"fixed_length":false,"supports_multibyte":true,"auto_increment":false,"is_primary_key":false,"is_unique":false,"is_index":false,"is_foreign_key":false,"ref_table":null,"ref_field":null,"ref_on_update":null,"ref_on_delete":null,"picklist":null,"validation":null,"db_function":null,"is_virtual":false,"is_aggregate":false},{"alias":null,"name":"foto","label":"Foto","description":null,"native":[],"type":"text","db_type":"text","length":null,"precision":null,"scale":null,"default":null,"required":false,"allow_null":true,"fixed_length":false,"supports_multibyte":true,"auto_increment":false,"is_primary_key":false,"is_unique":false,"is_index":false,"is_foreign_key":false,"ref_table":null,"ref_field":null,"ref_on_update":null,"ref_on_delete":null,"picklist":null,"validation":null,"db_function":null,"is_virtual":false,"is_aggregate":false}],"related":[{"alias":null,"name":"anotacao_by_id_professor","label":"Anotacao By Id Professor","description":null,"native":[],"type":"has_many","field":"id","is_virtual":false,"ref_service_id":8,"ref_table":"anotacao","ref_field":"id_professor","ref_on_update":null,"ref_on_delete":null,"junction_service_id":null,"junction_table":null,"junction_field":null,"junction_ref_field":null,"always_fetch":false,"flatten":false,"flatten_drop_prefix":false},{"alias":null,"name":"aluno_by_anotacao","label":"Aluno By Anotacao","description":null,"native":[],"type":"many_many","field":"id","is_virtual":false,"ref_service_id":8,"ref_table":"aluno","ref_field":"id","ref_on_update":null,"ref_on_delete":null,"junction_service_id":8,"junction_table":"anotacao","junction_field":"id_professor","junction_ref_field":"id_aluno","always_fetch":false,"flatten":false,"flatten_drop_prefix":false},{"alias":null,"name":"aula_by_anotacao","label":"Aula By Anotacao","description":null,"native":[],"type":"many_many","field":"id","is_virtual":false,"ref_service_id":8,"ref_table":"aula","ref_field":"id","ref_on_update":null,"ref_on_delete":null,"junction_service_id":8,"junction_table":"anotacao","junction_field":"id_professor","junction_ref_field":"id_aula","always_fetch":false,"flatten":false,"flatten_drop_prefix":false},{"alias":null,"name":"aula_by_id_professor","label":"Aula By Id Professor","description":null,"native":[],"type":"has_many","field":"id","is_virtual":false,"ref_service_id":8,"ref_table":"aula","ref_field":"id_professor","ref_on_update":null,"ref_on_delete":null,"junction_service_id":null,"junction_table":null,"junction_field":null,"junction_ref_field":null,"always_fetch":false,"flatten":false,"flatten_drop_prefix":false},{"alias":null,"name":"curso_by_aula","label":"Curso By Aula","description":null,"native":[],"type":"many_many","field":"id","is_virtual":false,"ref_service_id":8,"ref_table":"curso","ref_field":"id","ref_on_update":null,"ref_on_delete":null,"junction_service_id":8,"junction_table":"aula","junction_field":"id_professor_backup","junction_ref_field":"id_curso","always_fetch":false,"flatten":false,"flatten_drop_prefix":false},{"alias":null,"name":"aula_by_id_professor_backup","label":"Aula By Id Professor Backup","description":null,"native":[],"type":"has_many","field":"id","is_virtual":false,"ref_service_id":8,"ref_table":"aula","ref_field":"id_professor_backup","ref_on_update":null,"ref_on_delete":null,"junction_service_id":null,"junction_table":null,"junction_field":null,"junction_ref_field":null,"always_fetch":false,"flatten":false,"flatten_drop_prefix":false}],"access":31},{"alias":null,"name":"rel_aluno_curso","label":"Rel Aluno Curso","description":null,"native":[],"plural":"Rel Aluno Cursos","is_view":false,"primary_key":null,"name_field":null,"field":[{"alias":null,"name":"id_aluno","label":"Id Aluno","description":null,"native":[],"type":"reference","db_type":"int(11)","length":11,"precision":null,"scale":null,"default":null,"required":true,"allow_null":false,"fixed_length":false,"supports_multibyte":false,"auto_increment":false,"is_primary_key":false,"is_unique":false,"is_index":true,"is_foreign_key":true,"ref_table":"aluno","ref_field":"id","ref_on_update":null,"ref_on_delete":null,"picklist":null,"validation":null,"db_function":null,"is_virtual":false,"is_aggregate":false},{"alias":null,"name":"id_curso","label":"Id Curso","description":null,"native":[],"type":"reference","db_type":"int(11)","length":11,"precision":null,"scale":null,"default":null,"required":true,"allow_null":false,"fixed_length":false,"supports_multibyte":false,"auto_increment":false,"is_primary_key":false,"is_unique":false,"is_index":true,"is_foreign_key":true,"ref_table":"curso","ref_field":"id","ref_on_update":null,"ref_on_delete":null,"picklist":null,"validation":null,"db_function":null,"is_virtual":false,"is_aggregate":false}],"related":[{"alias":null,"name":"aluno_by_id_aluno","label":"Aluno By Id Aluno","description":null,"native":[],"type":"belongs_to","field":"id_aluno","is_virtual":false,"ref_service_id":8,"ref_table":"aluno","ref_field":"id","ref_on_update":null,"ref_on_delete":null,"junction_service_id":null,"junction_table":null,"junction_field":null,"junction_ref_field":null,"always_fetch":true,"flatten":false,"flatten_drop_prefix":false},{"alias":null,"name":"curso_by_id_curso","label":"Curso By Id Curso","description":null,"native":[],"type":"belongs_to","field":"id_curso","is_virtual":false,"ref_service_id":8,"ref_table":"curso","ref_field":"id","ref_on_update":null,"ref_on_delete":null,"junction_service_id":null,"junction_table":null,"junction_field":null,"junction_ref_field":null,"always_fetch":false,"flatten":false,"flatten_drop_prefix":false}],"access":31}]