[{"id":1,"name":"Roberto Pires","username":"roberto_hengling@hotmail.com","first_name":"Roberto","last_name":"Pires","last_login_date":"2017-08-23 15:25:56","email":"roberto_hengling@hotmail.com","is_active":true,"phone":null,"security_question":null,"confirm_code":"y","default_app_id":null,"oauth_provider":null,"created_date":"2017-08-15 09:25:35","last_modified_date":"2017-08-23 15:25:56","created_by_id":null,"last_modified_by_id":1,"confirmed":true,"expired":false,"password":"$2y$10$LQL3KTQOx2OTjPnx5iaIPOnGx9GN463pucShh17OwVg4hEF69UkmC"}]