[{"id":2,"name":"aplicativo","username":"aplicativo@teste.com","first_name":null,"last_name":null,"last_login_date":"2017-08-23 15:22:33","email":"aplicativo@teste.com","is_active":true,"phone":null,"security_question":null,"confirm_code":"y","default_app_id":null,"oauth_provider":null,"created_date":"2017-08-22 09:38:56","last_modified_date":"2017-08-23 15:22:33","created_by_id":1,"last_modified_by_id":1,"confirmed":true,"expired":false,"user_to_app_to_role_by_user_id":[{"id":1,"user_id":2,"app_id":4,"role_id":1}],"password":"$2y$10$Op0DmEkcXUZe7awwBUGqiuzrceRn9TjZvlZvsQbYDNTXSO0FKe8gq"}]